Workbook

Sheet Tổng
A1: Tiền phòng trọ
A2: 46143
A3: (Điện 3500/kWh - Nước 32000/khối)
A4: STT | B4: Phòng | C4: Tên | D4: SĐT | E4: Ngày kí HĐ | F4: Ngày hết HĐ | H4: Tiền phòng | I4: Mạng | J4: Thang máy, vệ sinh | K4: Máy giặt | L4: Tiền điện | P4: Tiền nước | T4: Tổng thu
L5: Số cũ | M5: Số mới | N5: Số điện | O5: Tiền điện | P5: Số cũ | Q5: Số mới | R5: Số nước | S5: Tiền nước
A6: 1 | B6: 101 | C6: Thủy | D6: 0327337638 | E6: 28/12/2025 | F6: 28/02/2026 | H6: 2800000 | I6: 100000 | J6: 60000 | K6: 50000 | L6: 5799 | M6: 5907 | N6: =IF(AND(M6>0,L6>0),M6-L6,0) -> 108 | O6: =N6*3500 -> 378000 | P6: 401 | Q6: 406 | R6: =IF(AND(Q6>0,P6>0),Q6-P6,0) -> 5 | S6: =R6*32000 -> 160000 | T6: =SUM(H6:K6,O6,S6) -> 3548000
A7: 2 | B7: 201 | C7: Niên | D7: 0966506007 | E7: 28/12/2025 | F7: 28/06/2026 | H7: 3300000 | I7: 100000 | J7: 200000 | K7: 100000 | L7: 4631 | M7: 4780 | N7: =IF(AND(M7>0,L7>0),M7-L7,0) -> 149 | O7: =N7*3500 -> 521500 | P7: 364 | Q7: 370 | R7: =IF(AND(Q7>0,P7>0),Q7-P7,0) -> 6 | S7: =R7*32000 -> 192000 | T7: =SUM(H7:K7,O7,S7) -> 4413500
A8: 3 | B8: 202 | C8: Huyền | D8: 0358556572 | E8: 26/12/2025 | F8: 26/12/2026 | H8: 3200000 | I8: 100000 | J8: 300000 | K8: 150000 | L8: 11627 | M8: 11831 | N8: =IF(AND(M8>0,L8>0),M8-L8,0) -> 204 | O8: =N8*3500 -> 714000 | P8: 449 | Q8: 459 | R8: =IF(AND(Q8>0,P8>0),Q8-P8,0) -> 10 | S8: =R8*32000 -> 320000 | T8: =SUM(H8:K8,O8,S8) -> 4784000
A9: 4 | B9: 301 | C9: Vũ | D9: 0982196305 | E9: 28/12/2025 | F9: 28/12/2026 | H9: 3300000 | I9: 100000 | J9: 300000 | L9: 9861 | M9: 9938 | N9: =IF(AND(M9>0,L9>0),M9-L9,0) -> 77 | O9: =N9*3500 -> 269500 | P9: 553 | Q9: 560 | R9: =IF(AND(Q9>0,P9>0),Q9-P9,0) -> 7 | S9: =R9*32000 -> 224000 | T9: =SUM(H9:K9,O9,S9) -> 4193500
A10: 5 | B10: 302 | C10: Hằng | D10: 0348530871 | E10: 26/12/2025 | F10: 26/12/2026 | H10: 2800000 | I10: 100000 | J10: 200000 | L10: 9432 | M10: 9619 | N10: =IF(AND(M10>0,L10>0),M10-L10,0) -> 187 | O10: =N10*3500 -> 654500 | P10: 491 | Q10: 501 | R10: =IF(AND(Q10>0,P10>0),Q10-P10,0) -> 10 | S10: =R10*32000 -> 320000 | T10: =SUM(H10:K10,O10,S10) -> 4074500
A11: 6 | B11: 401 | C11: Chi | D11: 0966381640 | E11: 26/12/2025 | F11: 01/08/2026 | H11: 3300000 | I11: 100000 | J11: 100000 | K11: 50000 | L11: 10279 | M11: 10448 | N11: =IF(AND(M11>0,L11>0),M11-L11,0) -> 169 | O11: =N11*3500 -> 591500 | P11: 356 | Q11: 361 | R11: =IF(AND(Q11>0,P11>0),Q11-P11,0) -> 5 | S11: =R11*32000 -> 160000 | T11: =SUM(H11:K11,O11,S11) -> 4301500
A12: 7 | B12: 402 | C12: Công | D12: 0981352489 | E12: 06/01/2026 | F12: 06/01/2027 | H12: 3000000 | J12: 200000 | L12: 9324 | M12: 9553 | N12: =IF(AND(M12>0,L12>0),M12-L12,0) -> 229 | O12: =N12*3500 -> 801500 | P12: 402 | Q12: 409 | R12: =IF(AND(Q12>0,P12>0),Q12-P12,0) -> 7 | S12: =R12*32000 -> 224000 | T12: =SUM(H12:K12,O12,S12) -> 4225500
A13: 8 | B13: 501 | C13: Mai | D13: 0968046691 | E13: 26/12/2025 | F13: 26/06/2026 | H13: 3200000 | I13: 100000 | J13: 200000 | L13: 10291 | M13: 10492 | N13: =IF(AND(M13>0,L13>0),M13-L13,0) -> 201 | O13: =N13*3500 -> 703500 | P13: 502 | Q13: 514 | R13: =IF(AND(Q13>0,P13>0),Q13-P13,0) -> 12 | S13: =R13*32000 -> 384000 | T13: =SUM(H13:K13,O13,S13) -> 4587500
A14: 9 | B14: 502 | C14: Ngọc Anh | D14: 0915954773 | E14: 46082 | F14: 46266 | H14: 3200000 | J14: 200000 | K14: 100000 | L14: 9586 | M14: 9861 | N14: =IF(AND(M14>0,L14>0),M14-L14,0) -> 275 | O14: =N14*3500 -> 962500 | P14: 391 | Q14: 394 | R14: =IF(AND(Q14>0,P14>0),Q14-P14,0) -> 3 | S14: =R14*32000 -> 96000 | T14: =SUM(H14:K14,O14,S14) -> 4558500
A15: 10 | B15: 601 | C15: Chúc | D15: 0398610020 | E15: 46113 | F15: 46296 | H15: 3200000 | I15: 100000 | J15: 200000 | K15: 100000 | L15: 9704 | M15: 9961 | N15: =IF(AND(M15>0,L15>0),M15-L15,0) -> 257 | O15: =N15*3500 -> 899500 | P15: 327 | Q15: 333 | R15: =IF(AND(Q15>0,P15>0),Q15-P15,0) -> 6 | S15: =R15*32000 -> 192000 | T15: =SUM(H15:K15,O15,S15) -> 4691500
F16: Tổng: | H16: =SUM(H6:H15) -> 31300000 | I16: =SUM(I6:I15) -> 800000 | J16: =SUM(J6:J15) -> 1960000 | O16: =SUM(O6:O15) -> 6496000 | S16: =SUM(S6:S15) -> 2272000 | T16: =SUM(T6:T15) -> 43378000

Sheet Phòng 101 - Thủy 
A1: HÓA ĐƠN TIỀN NHÀ
A2: 46143
A4: Bên A (Cho thuê) : Cô Huyền
A5: Bên B (Người thuê): Phòng 101 - Sơn
A7: NỘI DUNG | B7: SỐ CŨ | C7: SỐ MỚI | D7: ĐỒNG HỒ ĐIỆN/ NƯỚC | E7: ĐƠN GIÁ | F7: THÀNH TIỀN
A8: Tiền phòng | F8: ='Tổng'!H6 -> 2800000
A9: Mạng internet | F9: ='Tổng'!I6 -> 100000
A10: Thang máy, vệ sinh | F10: ='Tổng'!J6 -> 60000
A11: Máy giặt | F11: ='Tổng'!K6 -> 50000
A12: Điện sinh hoạt | B12: ='Tổng'!L6 -> 5799 | C12: ='Tổng'!M6 -> 5907 | D12: =IF(C12>0,C12-B12,0) -> 108 | E12: 3500 | F12: =E12*D12 -> 378000
A13: Nước sinh hoạt | B13: ='Tổng'!P6 -> 401 | C13: ='Tổng'!Q6 -> 406 | D13: =IF(C13>0,C13-B13,0) -> 5 | E13: 32000 | F13: =E13*D13 -> 160000
A14: TỔNG CỘNG | F14: =SUM(F8:F13) -> 3548000
A16: Bên B thanh tóan tiền nhà từ ngày 27 - 30 hàng tháng vào Số tài khỏan sau:
A17: STK: 658746 - Ngân hàng ACB
A18: Nội dung chuyển tiền: " Phòng 101 nhà 37 Đại Linh"
A19: Gửi bill giao dịch thành công vào zalo số 0975485428 (Đào Thúy Linh)
A22: Chú ý:
A23: - Khách hàng khi tắm hãy tắt điện bình nóng lạnh để đảm bảo không bị điện giật.
A24: - Không hút thuốc trong phòng, nơi để xe và khu vực chung (thang bộ, thang máy, hành lang chung). Nếu chủ nhà phát hiện ra sẽ phạt nặng.
A25: Nếu để xảy ra hỏa hoạn thì người đó sẽ phải chịu hoàn tòan trách nhiệm trước pháp luật và bồi thường toàn bộ thiệt hại.
A26: - Trường hợp khách hàng hút thuốc thì phải dụi tắt vào gạt tàn họăc nhúng vào nước trước khi vứt vào thùng rác.

Sheet Phòng 201 - Niên
A1: HÓA ĐƠN TIỀN NHÀ
A2: 46143
A4: Bên A (Cho thuê) : Cô Huyền
A5: Bên B (Người thuê): Phòng 201 - Niên
A7: NỘI DUNG | B7: SỐ CŨ | C7: SỐ MỚI | D7: ĐỒNG HỒ ĐIỆN/ NƯỚC | E7: ĐƠN GIÁ | F7: THÀNH TIỀN
A8: Tiền phòng | F8: ='Tổng'!H7 -> 3300000
A9: Mạng internet | F9: ='Tổng'!I7 -> 100000
A10: Thang máy, vệ sinh | F10: ='Tổng'!J7 -> 200000
A11: Máy giặt | F11: ='Tổng'!K7 -> 100000
A12: Điện sinh hoạt | B12: ='Tổng'!L7 -> 4631 | C12: ='Tổng'!M7 -> 4780 | D12: =IF(C12>0,C12-B12,0) -> 149 | E12: 3500 | F12: =E12*D12 -> 521500
A13: Nước sinh hoạt | B13: ='Tổng'!P7 -> 364 | C13: ='Tổng'!Q7 -> 370 | D13: =IF(C13>0,C13-B13,0) -> 6 | E13: 32000 | F13: =E13*D13 -> 192000
A14: TỔNG CỘNG | F14: =SUM(F8:F13) -> 4413500
A16: Bên B thanh tóan tiền nhà từ ngày 27 - 30 hàng tháng vào Số tài khỏan sau:
A17: STK: 658746 - Ngân hàng ACB
A18: Nội dung chuyển tiền: " Phòng 201 nhà 37 Đại Linh"
A19: Gửi bill giao dịch thành công vào zalo số 0975485428 (Đào Thúy Linh)
A22: Chú ý:
A23: - Khách hàng khi tắm hãy tắt điện bình nóng lạnh để đảm bảo không bị điện giật.
A24: - Không hút thuốc trong phòng, nơi để xe và khu vực chung (thang bộ, thang máy, hành lang chung). Nếu chủ nhà phát hiện ra sẽ phạt nặng.
A25: Nếu để xảy ra hỏa hoạn thì người đó sẽ phải chịu hoàn tòan trách nhiệm trước pháp luật và bồi thường toàn bộ thiệt hại.
A26: - Trường hợp khách hàng hút thuốc thì phải dụi tắt vào gạt tàn họăc nhúng vào nước trước khi vứt vào thùng rác.

Sheet Phòng 202 - Huyền
A1: HÓA ĐƠN TIỀN NHÀ
A2: 46143
A4: Bên A (Cho thuê) : Cô Huyền
A5: Bên B (Người thuê): Phòng 202 - Huyền
A7: NỘI DUNG | B7: SỐ CŨ | C7: SỐ MỚI | D7: ĐỒNG HỒ ĐIỆN/ NƯỚC | E7: ĐƠN GIÁ | F7: THÀNH TIỀN
A8: Tiền phòng | F8: ='Tổng'!H8 -> 3200000
A9: Mạng internet | F9: ='Tổng'!I8 -> 100000
A10: Thang máy, vệ sinh | F10: ='Tổng'!J8 -> 300000
A11: Máy giặt | F11: ='Tổng'!K8 -> 150000
A12: Điện sinh hoạt | B12: ='Tổng'!L8 -> 11627 | C12: ='Tổng'!M8 -> 11831 | D12: =IF(C12>0,C12-B12,0) -> 204 | E12: 3500 | F12: =E12*D12 -> 714000
A13: Nước sinh hoạt | B13: ='Tổng'!P8 -> 449 | C13: ='Tổng'!Q8 -> 459 | D13: =IF(C13>0,C13-B13,0) -> 10 | E13: 32000 | F13: =E13*D13 -> 320000
A14: TỔNG CỘNG | F14: =SUM(F8:F13) -> 4784000
A16: Bên B thanh tóan tiền nhà từ ngày 27 - 30 hàng tháng vào Số tài khỏan sau:
A17: STK: 658746 - Ngân hàng ACB
A18: Nội dung chuyển tiền: " Phòng 202 nhà 37 Đại Linh"
A19: Gửi bill giao dịch thành công vào zalo số 0975485428 (Đào Thúy Linh)
A22: Chú ý:
A23: - Khách hàng khi tắm hãy tắt điện bình nóng lạnh để đảm bảo không bị điện giật.
A24: - Không hút thuốc trong phòng, nơi để xe và khu vực chung (thang bộ, thang máy, hành lang chung). Nếu chủ nhà phát hiện ra sẽ phạt nặng.
A25: Nếu để xảy ra hỏa hoạn thì người đó sẽ phải chịu hoàn tòan trách nhiệm trước pháp luật và bồi thường toàn bộ thiệt hại.
A26: - Trường hợp khách hàng hút thuốc thì phải dụi tắt vào gạt tàn họăc nhúng vào nước trước khi vứt vào thùng rác.

Sheet Phòng 301 - Vũ
A1: HÓA ĐƠN TIỀN NHÀ
A2: 46143
A4: Bên A (Cho thuê) : Cô Huyền
A5: Bên B (Người thuê): Phòng 301 - Vũ
A7: NỘI DUNG | B7: SỐ CŨ | C7: SỐ MỚI | D7: ĐỒNG HỒ ĐIỆN/ NƯỚC | E7: ĐƠN GIÁ | F7: THÀNH TIỀN
A8: Tiền phòng | F8: ='Tổng'!H9 -> 3300000
A9: Mạng internet | F9: ='Tổng'!I9 -> 100000
A10: Thang máy, vệ sinh | F10: ='Tổng'!J9 -> 300000
A11: Máy giặt | F11: ='Tổng'!K9
A12: Điện sinh hoạt | B12: ='Tổng'!L9 -> 9861 | C12: ='Tổng'!M9 -> 9938 | D12: =IF(C12>0,C12-B12,0) -> 77 | E12: 3500 | F12: =E12*D12 -> 269500
A13: Nước sinh hoạt | B13: ='Tổng'!P9 -> 553 | C13: ='Tổng'!Q9 -> 560 | D13: =IF(C13>0,C13-B13,0) -> 7 | E13: 32000 | F13: =E13*D13 -> 224000
A14: TỔNG CỘNG | F14: =SUM(F8:F13) -> 4193500
A16: Bên B thanh tóan tiền nhà từ ngày 27 - 30 hàng tháng vào Số tài khỏan sau:
A17: STK: 658746 - Ngân hàng ACB
A18: Nội dung chuyển tiền: " Phòng 301 nhà 37 Đại Linh"
A19: Gửi bill giao dịch thành công vào zalo số 0975485428 (Đào Thúy Linh)
A22: Chú ý:
A23: - Khách hàng khi tắm hãy tắt điện bình nóng lạnh để đảm bảo không bị điện giật.
A24: - Không hút thuốc trong phòng, nơi để xe và khu vực chung (thang bộ, thang máy, hành lang chung). Nếu chủ nhà phát hiện ra sẽ phạt nặng.
A25: Nếu để xảy ra hỏa hoạn thì người đó sẽ phải chịu hoàn tòan trách nhiệm trước pháp luật và bồi thường toàn bộ thiệt hại.
A26: - Trường hợp khách hàng hút thuốc thì phải dụi tắt vào gạt tàn họăc nhúng vào nước trước khi vứt vào thùng rác.

Sheet Phòng 302 - Hằng
A1: HÓA ĐƠN TIỀN NHÀ
A2: 46143
A4: Bên A (Cho thuê) : Cô Huyền
A5: Bên B (Người thuê): Phòng 302 - Hằng
A7: NỘI DUNG | B7: SỐ CŨ | C7: SỐ MỚI | D7: ĐỒNG HỒ ĐIỆN/ NƯỚC | E7: ĐƠN GIÁ | F7: THÀNH TIỀN
A8: Tiền phòng | F8: ='Tổng'!H10 -> 2800000
A9: Mạng internet | F9: ='Tổng'!I10 -> 100000
A10: Thang máy, vệ sinh | F10: ='Tổng'!J10 -> 200000
A11: Máy giặt | F11: ='Tổng'!K10
A12: Điện sinh hoạt | B12: ='Tổng'!L10 -> 9432 | C12: ='Tổng'!M10 -> 9619 | D12: =IF(C12>0,C12-B12,0) -> 187 | E12: 3500 | F12: =E12*D12 -> 654500
A13: Nước sinh hoạt | B13: ='Tổng'!P10 -> 491 | C13: ='Tổng'!Q10 -> 501 | D13: =IF(C13>0,C13-B13,0) -> 10 | E13: 32000 | F13: =E13*D13 -> 320000
A14: TỔNG CỘNG | F14: =SUM(F8:F13) -> 4074500
A16: Bên B thanh tóan tiền nhà từ ngày 27 - 30 hàng tháng vào Số tài khỏan sau:
A17: STK: 658746 - Ngân hàng ACB
A18: Nội dung chuyển tiền: " Phòng 302 nhà 37 Đại Linh"
A19: Gửi bill giao dịch thành công vào zalo số 0975485428 (Đào Thúy Linh)
A22: Chú ý:
A23: - Khách hàng khi tắm hãy tắt điện bình nóng lạnh để đảm bảo không bị điện giật.
A24: - Không hút thuốc trong phòng, nơi để xe và khu vực chung (thang bộ, thang máy, hành lang chung). Nếu chủ nhà phát hiện ra sẽ phạt nặng.
A25: Nếu để xảy ra hỏa hoạn thì người đó sẽ phải chịu hoàn tòan trách nhiệm trước pháp luật và bồi thường toàn bộ thiệt hại.
A26: - Trường hợp khách hàng hút thuốc thì phải dụi tắt vào gạt tàn họăc nhúng vào nước trước khi vứt vào thùng rác.

Sheet Phòng 401 - Chi
A1: HÓA ĐƠN TIỀN NHÀ
A2: 46143
A4: Bên A (Cho thuê) : Cô Huyền
A5: Bên B (Người thuê): Phòng 401 - Chi
A7: NỘI DUNG | B7: SỐ CŨ | C7: SỐ MỚI | D7: ĐỒNG HỒ ĐIỆN/ NƯỚC | E7: ĐƠN GIÁ | F7: THÀNH TIỀN
A8: Tiền phòng | F8: ='Tổng'!H11 -> 3300000
A9: Mạng internet | F9: ='Tổng'!I11 -> 100000
A10: Thang máy, vệ sinh | F10: ='Tổng'!J11 -> 100000
A11: Máy giặt | F11: ='Tổng'!K11 -> 50000
A12: Điện sinh hoạt | B12: ='Tổng'!L11 -> 10279 | C12: ='Tổng'!M11 -> 10448 | D12: =IF(C12>0,C12-B12,0) -> 169 | E12: 3500 | F12: =E12*D12 -> 591500
A13: Nước sinh hoạt | B13: ='Tổng'!P11 -> 356 | C13: ='Tổng'!Q11 -> 361 | D13: =IF(C13>0,C13-B13,0) -> 5 | E13: 32000 | F13: =E13*D13 -> 160000
A14: TỔNG CỘNG | F14: =SUM(F8:F13) -> 4301500
A16: Bên B thanh tóan tiền nhà từ ngày 27 - 30 hàng tháng vào Số tài khỏan sau:
A17: STK: 658746 - Ngân hàng ACB
A18: Nội dung chuyển tiền: " Phòng 401 nhà 37 Đại Linh"
A19: Gửi bill giao dịch thành công vào zalo số 0975485428 (Đào Thúy Linh)
A22: Chú ý:
A23: - Khách hàng khi tắm hãy tắt điện bình nóng lạnh để đảm bảo không bị điện giật.
A24: - Không hút thuốc trong phòng, nơi để xe và khu vực chung (thang bộ, thang máy, hành lang chung). Nếu chủ nhà phát hiện ra sẽ phạt nặng.
A25: Nếu để xảy ra hỏa hoạn thì người đó sẽ phải chịu hoàn tòan trách nhiệm trước pháp luật và bồi thường toàn bộ thiệt hại.
A26: - Trường hợp khách hàng hút thuốc thì phải dụi tắt vào gạt tàn họăc nhúng vào nước trước khi vứt vào thùng rác.

Sheet Phòng 402 - Công
A1: HÓA ĐƠN TIỀN NHÀ
A2: 46143
A4: Bên A (Cho thuê) : Cô Huyền
A5: Bên B (Người thuê): Phòng 402 - Công
A7: NỘI DUNG | B7: SỐ CŨ | C7: SỐ MỚI | D7: ĐỒNG HỒ ĐIỆN/ NƯỚC | E7: ĐƠN GIÁ | F7: THÀNH TIỀN
A8: Tiền phòng | F8: ='Tổng'!H12 -> 3000000
A9: Mạng internet | F9: ='Tổng'!I12
A10: Thang máy, vệ sinh | F10: ='Tổng'!J12 -> 200000
A11: Máy giặt | F11: ='Tổng'!K12
A12: Điện sinh hoạt | B12: ='Tổng'!L12 -> 9324 | C12: ='Tổng'!M12 -> 9553 | D12: =IF(C12>0,C12-B12,0) -> 229 | E12: 3500 | F12: =E12*D12 -> 801500
A13: Nước sinh hoạt | B13: ='Tổng'!P12 -> 402 | C13: ='Tổng'!Q12 -> 409 | D13: =IF(C13>0,C13-B13,0) -> 7 | E13: 32000 | F13: =E13*D13 -> 224000
A14: TỔNG CỘNG | F14: =SUM(F8:F13) -> 4225500
A16: Bên B thanh tóan tiền nhà từ ngày 27 - 30 hàng tháng vào Số tài khỏan sau:
A17: STK: 658746 - Ngân hàng ACB
A18: Nội dung chuyển tiền: " Phòng 402 nhà 37 Đại Linh"
A19: Gửi bill giao dịch thành công vào zalo số 0975485428 (Đào Thúy Linh)
A22: Chú ý:
A23: - Khách hàng khi tắm hãy tắt điện bình nóng lạnh để đảm bảo không bị điện giật.
A24: - Không hút thuốc trong phòng, nơi để xe và khu vực chung (thang bộ, thang máy, hành lang chung). Nếu chủ nhà phát hiện ra sẽ phạt nặng.
A25: Nếu để xảy ra hỏa hoạn thì người đó sẽ phải chịu hoàn tòan trách nhiệm trước pháp luật và bồi thường toàn bộ thiệt hại.
A26: - Trường hợp khách hàng hút thuốc thì phải dụi tắt vào gạt tàn họăc nhúng vào nước trước khi vứt vào thùng rác.

Sheet Phòng 501 - Mai
A1: HÓA ĐƠN TIỀN NHÀ
A2: 46143
A4: Bên A (Cho thuê) : Cô Huyền
A5: Bên B (Người thuê): Phòng 501 - Mai
A7: NỘI DUNG | B7: SỐ CŨ | C7: SỐ MỚI | D7: ĐỒNG HỒ ĐIỆN/ NƯỚC | E7: ĐƠN GIÁ | F7: THÀNH TIỀN
A8: Tiền phòng | F8: ='Tổng'!H13 -> 3200000
A9: Mạng internet | F9: ='Tổng'!I13 -> 100000
A10: Thang máy, vệ sinh | F10: ='Tổng'!J13 -> 200000
A11: Máy giặt | F11: ='Tổng'!K13
A12: Điện sinh hoạt | B12: ='Tổng'!L13 -> 10291 | C12: ='Tổng'!M13 -> 10492 | D12: =IF(C12>0,C12-B12,0) -> 201 | E12: 3500 | F12: =E12*D12 -> 703500
A13: Nước sinh hoạt | B13: ='Tổng'!P13 -> 502 | C13: ='Tổng'!Q13 -> 514 | D13: =IF(C13>0,C13-B13,0) -> 12 | E13: 32000 | F13: =E13*D13 -> 384000
A14: TỔNG CỘNG | F14: =SUM(F8:F13) -> 4587500
A16: Bên B thanh tóan tiền nhà từ ngày 27 - 30 hàng tháng vào Số tài khỏan sau:
A17: STK: 658746 - Ngân hàng ACB
A18: Nội dung chuyển tiền: " Phòng 501 nhà 37 Đại Linh"
A19: Gửi bill giao dịch thành công vào zalo số 0975485428 (Đào Thúy Linh)
A22: Chú ý:
A23: - Khách hàng khi tắm hãy tắt điện bình nóng lạnh để đảm bảo không bị điện giật.
A24: - Không hút thuốc trong phòng, nơi để xe và khu vực chung (thang bộ, thang máy, hành lang chung). Nếu chủ nhà phát hiện ra sẽ phạt nặng.
A25: Nếu để xảy ra hỏa hoạn thì người đó sẽ phải chịu hoàn tòan trách nhiệm trước pháp luật và bồi thường toàn bộ thiệt hại.
A26: - Trường hợp khách hàng hút thuốc thì phải dụi tắt vào gạt tàn họăc nhúng vào nước trước khi vứt vào thùng rác.

Sheet Phòng 502 - Ngọc Anh
A1: HÓA ĐƠN TIỀN NHÀ
A2: 46143
A4: Bên A (Cho thuê) : Cô Huyền
A5: Bên B (Người thuê): Phòng 502 - Ngọc Anh
A7: NỘI DUNG | B7: SỐ CŨ | C7: SỐ MỚI | D7: ĐỒNG HỒ ĐIỆN/ NƯỚC | E7: ĐƠN GIÁ | F7: THÀNH TIỀN
A8: Tiền phòng | F8: ='Tổng'!H14 -> 3200000
A9: Mạng internet | F9: ='Tổng'!I14
A10: Thang máy, vệ sinh | F10: ='Tổng'!J14 -> 200000
A11: Máy giặt | F11: ='Tổng'!K14 -> 100000
A12: Điện sinh hoạt | B12: ='Tổng'!L14 -> 9586 | C12: ='Tổng'!M14 -> 9861 | D12: =IF(C12>0,C12-B12,0) -> 275 | E12: 3500 | F12: =E12*D12 -> 962500
A13: Nước sinh hoạt | B13: ='Tổng'!P14 -> 391 | C13: ='Tổng'!Q14 -> 394 | D13: =IF(C13>0,C13-B13,0) -> 3 | E13: 32000 | F13: =E13*D13 -> 96000
A14: TỔNG CỘNG | F14: =SUM(F8:F13) -> 4558500
A16: Bên B thanh tóan tiền nhà từ ngày 27 - 30 hàng tháng vào Số tài khỏan sau:
A17: STK: 658746 - Ngân hàng ACB
A18: Nội dung chuyển tiền: " Phòng 502 nhà 37 Đại Linh"
A19: Gửi bill giao dịch thành công vào zalo số 0975485428 (Đào Thúy Linh)
A22: Chú ý:
A23: - Khách hàng khi tắm hãy tắt điện bình nóng lạnh để đảm bảo không bị điện giật.
A24: - Không hút thuốc trong phòng, nơi để xe và khu vực chung (thang bộ, thang máy, hành lang chung). Nếu chủ nhà phát hiện ra sẽ phạt nặng.
A25: Nếu để xảy ra hỏa hoạn thì người đó sẽ phải chịu hoàn tòan trách nhiệm trước pháp luật và bồi thường toàn bộ thiệt hại.
A26: - Trường hợp khách hàng hút thuốc thì phải dụi tắt vào gạt tàn họăc nhúng vào nước trước khi vứt vào thùng rác.

Sheet Phòng 601 - Chúc
A1: HÓA ĐƠN TIỀN NHÀ
A2: 46143
A4: Bên A (Cho thuê) : Cô Huyền
A5: Bên B (Người thuê): Phòng 601 - Chúc
A7: NỘI DUNG | B7: SỐ CŨ | C7: SỐ MỚI | D7: ĐỒNG HỒ ĐIỆN/ NƯỚC | E7: ĐƠN GIÁ | F7: THÀNH TIỀN
A8: Tiền phòng | F8: ='Tổng'!H15 -> 3200000
A9: Mạng internet | F9: ='Tổng'!I15 -> 100000
A10: Thang máy, vệ sinh | F10: ='Tổng'!J15 -> 200000
A11: Máy giặt | F11: ='Tổng'!K15 -> 100000
A12: Điện sinh hoạt | B12: ='Tổng'!L15 -> 9704 | C12: ='Tổng'!M15 -> 9961 | D12: =IF(C12>0,C12-B12,0) -> 257 | E12: 3500 | F12: =E12*D12 -> 899500
A13: Nước sinh hoạt | B13: ='Tổng'!P15 -> 327 | C13: ='Tổng'!Q15 -> 333 | D13: =IF(C13>0,C13-B13,0) -> 6 | E13: 32000 | F13: =E13*D13 -> 192000
A14: TỔNG CỘNG | F14: =SUM(F8:F13) -> 4691500
A16: Bên B thanh tóan tiền nhà từ ngày 27 - 30 hàng tháng vào Số tài khỏan sau:
A17: STK: 658746 - Ngân hàng ACB
A18: Nội dung chuyển tiền: " Phòng 601 nhà 37 Đại Linh"
A19: Gửi bill giao dịch thành công vào zalo số 0975485428 (Đào Thúy Linh)
A22: Chú ý:
A23: - Khách hàng khi tắm hãy tắt điện bình nóng lạnh để đảm bảo không bị điện giật.
A24: - Không hút thuốc trong phòng, nơi để xe và khu vực chung (thang bộ, thang máy, hành lang chung). Nếu chủ nhà phát hiện ra sẽ phạt nặng.
A25: Nếu để xảy ra hỏa hoạn thì người đó sẽ phải chịu hoàn tòan trách nhiệm trước pháp luật và bồi thường toàn bộ thiệt hại.
A26: - Trường hợp khách hàng hút thuốc thì phải dụi tắt vào gạt tàn họăc nhúng vào nước trước khi vứt vào thùng rác.
